AQULA_000065-PA	ELME000009	TRG_PTS1	PTS1	Generic PTS1 ELM for all eukaryotes	(.[SAPTC][KRH][LMFI][*]$)|([KRH][SAPTC][NTS][LMFI][*]$)	1.51919053984e-05	5	1
AQULA_000072-PA	ELME000009	TRG_PTS1	PTS1	Generic PTS1 ELM for all eukaryotes	(.[SAPTC][KRH][LMFI][*]$)|([KRH][SAPTC][NTS][LMFI][*]$)	1.51919053984e-05	5	1
AQULA_000092-PA	ELME000069	TRG_PTS2	PTS2	Generic PTS2 pattern for all eukaryotes (except lineages which have lost it)	^.{1,40}R[^P][^P][^P][LIV][^P][^P][HQ][LIF]	3.93913953465e-06	2	2
AQULA_000114-PA	ELME000009	TRG_PTS1	PTS1	Generic PTS1 ELM for all eukaryotes	(.[SAPTC][KRH][LMFI][*]$)|([KRH][SAPTC][NTS][LMFI][*]$)	1.51919053984e-05	5	1
AQULA_000177-PA	ELME000009	TRG_PTS1	PTS1	Generic PTS1 ELM for all eukaryotes	(.[SAPTC][KRH][LMFI][*]$)|([KRH][SAPTC][NTS][LMFI][*]$)	1.51919053984e-05	5	1
AQULA_000355-PA	ELME000009	TRG_PTS1	PTS1	Generic PTS1 ELM for all eukaryotes	(.[SAPTC][KRH][LMFI][*]$)|([KRH][SAPTC][NTS][LMFI][*]$)	1.51919053984e-05	5	1
AQULA_000405-PA	ELME000009	TRG_PTS1	PTS1	Generic PTS1 ELM for all eukaryotes	(.[SAPTC][KRH][LMFI][*]$)|([KRH][SAPTC][NTS][LMFI][*]$)	1.51919053984e-05	5	1
AQULA_000454-PA	ELME000009	TRG_PTS1	PTS1	Generic PTS1 ELM for all eukaryotes	(.[SAPTC][KRH][LMFI][*]$)|([KRH][SAPTC][NTS][LMFI][*]$)	1.51919053984e-05	5	1
AQULA_000431-PA	ELME000009	TRG_PTS1	PTS1	Generic PTS1 ELM for all eukaryotes	(.[SAPTC][KRH][LMFI][*]$)|([KRH][SAPTC][NTS][LMFI][*]$)	1.51919053984e-05	5	1
AQULA_000488-PA	ELME000009	TRG_PTS1	PTS1	Generic PTS1 ELM for all eukaryotes	(.[SAPTC][KRH][LMFI][*]$)|([KRH][SAPTC][NTS][LMFI][*]$)	1.51919053984e-05	5	1
AQULA_000513-PA	ELME000009	TRG_PTS1	PTS1	Generic PTS1 ELM for all eukaryotes	(.[SAPTC][KRH][LMFI][*]$)|([KRH][SAPTC][NTS][LMFI][*]$)	1.51919053984e-05	5	1
AQULA_000506-PA	ELME000009	TRG_PTS1	PTS1	Generic PTS1 ELM for all eukaryotes	(.[SAPTC][KRH][LMFI][*]$)|([KRH][SAPTC][NTS][LMFI][*]$)	1.51919053984e-05	5	1
AQULA_000532-PA	ELME000069	TRG_PTS2	PTS2	Generic PTS2 pattern for all eukaryotes (except lineages which have lost it)	^.{1,40}R[^P][^P][^P][LIV][^P][^P][HQ][LIF]	3.93913953465e-06	2	2
AQULA_000534-PA	ELME000009	TRG_PTS1	PTS1	Generic PTS1 ELM for all eukaryotes	(.[SAPTC][KRH][LMFI][*]$)|([KRH][SAPTC][NTS][LMFI][*]$)	1.51919053984e-05	5	1
AQULA_000590-PA	ELME000009	TRG_PTS1	PTS1	Generic PTS1 ELM for all eukaryotes	(.[SAPTC][KRH][LMFI][*]$)|([KRH][SAPTC][NTS][LMFI][*]$)	1.51919053984e-05	5	1
AQULA_000637-PA	ELME000009	TRG_PTS1	PTS1	Generic PTS1 ELM for all eukaryotes	(.[SAPTC][KRH][LMFI][*]$)|([KRH][SAPTC][NTS][LMFI][*]$)	1.51919053984e-05	5	1
AQULA_000670-PA	ELME000009	TRG_PTS1	PTS1	Generic PTS1 ELM for all eukaryotes	(.[SAPTC][KRH][LMFI][*]$)|([KRH][SAPTC][NTS][LMFI][*]$)	1.51919053984e-05	5	1
AQULA_000719-PA	ELME000009	TRG_PTS1	PTS1	Generic PTS1 ELM for all eukaryotes	(.[SAPTC][KRH][LMFI][*]$)|([KRH][SAPTC][NTS][LMFI][*]$)	1.51919053984e-05	5	1
AQULA_000918-PA	ELME000009	TRG_PTS1	PTS1	Generic PTS1 ELM for all eukaryotes	(.[SAPTC][KRH][LMFI][*]$)|([KRH][SAPTC][NTS][LMFI][*]$)	1.51919053984e-05	5	1
AQULA_000936-PA	ELME000069	TRG_PTS2	PTS2	Generic PTS2 pattern for all eukaryotes (except lineages which have lost it)	^.{1,40}R[^P][^P][^P][LIV][^P][^P][HQ][LIF]	3.93913953465e-06	2	2
AQULA_000937-PA	ELME000009	TRG_PTS1	PTS1	Generic PTS1 ELM for all eukaryotes	(.[SAPTC][KRH][LMFI][*]$)|([KRH][SAPTC][NTS][LMFI][*]$)	1.51919053984e-05	5	1
AQULA_000951-PA	ELME000009	TRG_PTS1	PTS1	Generic PTS1 ELM for all eukaryotes	(.[SAPTC][KRH][LMFI][*]$)|([KRH][SAPTC][NTS][LMFI][*]$)	1.51919053984e-05	5	1
AQULA_001006-PA	ELME000009	TRG_PTS1	PTS1	Generic PTS1 ELM for all eukaryotes	(.[SAPTC][KRH][LMFI][*]$)|([KRH][SAPTC][NTS][LMFI][*]$)	1.51919053984e-05	5	1
AQULA_001143-PA	ELME000009	TRG_PTS1	PTS1	Generic PTS1 ELM for all eukaryotes	(.[SAPTC][KRH][LMFI][*]$)|([KRH][SAPTC][NTS][LMFI][*]$)	1.51919053984e-05	5	1
AQULA_001322-PA	ELME000069	TRG_PTS2	PTS2	Generic PTS2 pattern for all eukaryotes (except lineages which have lost it)	^.{1,40}R[^P][^P][^P][LIV][^P][^P][HQ][LIF]	3.93913953465e-06	2	2
AQULA_001323-PA	ELME000009	TRG_PTS1	PTS1	Generic PTS1 ELM for all eukaryotes	(.[SAPTC][KRH][LMFI][*]$)|([KRH][SAPTC][NTS][LMFI][*]$)	1.51919053984e-05	5	1
AQULA_001372-PA	ELME000009	TRG_PTS1	PTS1	Generic PTS1 ELM for all eukaryotes	(.[SAPTC][KRH][LMFI][*]$)|([KRH][SAPTC][NTS][LMFI][*]$)	1.51919053984e-05	5	1
AQULA_001345-PA	ELME000009	TRG_PTS1	PTS1	Generic PTS1 ELM for all eukaryotes	(.[SAPTC][KRH][LMFI][*]$)|([KRH][SAPTC][NTS][LMFI][*]$)	1.51919053984e-05	5	1
AQULA_001356-PA	ELME000009	TRG_PTS1	PTS1	Generic PTS1 ELM for all eukaryotes	(.[SAPTC][KRH][LMFI][*]$)|([KRH][SAPTC][NTS][LMFI][*]$)	1.51919053984e-05	5	1
AQULA_001503-PA	ELME000069	TRG_PTS2	PTS2	Generic PTS2 pattern for all eukaryotes (except lineages which have lost it)	^.{1,40}R[^P][^P][^P][LIV][^P][^P][HQ][LIF]	3.93913953465e-06	2	2
AQULA_001492-PA	ELME000009	TRG_PTS1	PTS1	Generic PTS1 ELM for all eukaryotes	(.[SAPTC][KRH][LMFI][*]$)|([KRH][SAPTC][NTS][LMFI][*]$)	1.51919053984e-05	5	1
AQULA_001497-PA	ELME000009	TRG_PTS1	PTS1	Generic PTS1 ELM for all eukaryotes	(.[SAPTC][KRH][LMFI][*]$)|([KRH][SAPTC][NTS][LMFI][*]$)	1.51919053984e-05	5	1
AQULA_001539-PA	ELME000009	TRG_PTS1	PTS1	Generic PTS1 ELM for all eukaryotes	(.[SAPTC][KRH][LMFI][*]$)|([KRH][SAPTC][NTS][LMFI][*]$)	1.51919053984e-05	5	1
AQULA_001585-PA	ELME000009	TRG_PTS1	PTS1	Generic PTS1 ELM for all eukaryotes	(.[SAPTC][KRH][LMFI][*]$)|([KRH][SAPTC][NTS][LMFI][*]$)	1.51919053984e-05	5	1
AQULA_001623-PA	ELME000069	TRG_PTS2	PTS2	Generic PTS2 pattern for all eukaryotes (except lineages which have lost it)	^.{1,40}R[^P][^P][^P][LIV][^P][^P][HQ][LIF]	3.93913953465e-06	2	2
AQULA_001631-PA	ELME000009	TRG_PTS1	PTS1	Generic PTS1 ELM for all eukaryotes	(.[SAPTC][KRH][LMFI][*]$)|([KRH][SAPTC][NTS][LMFI][*]$)	1.51919053984e-05	5	1
AQULA_001629-PA	ELME000009	TRG_PTS1	PTS1	Generic PTS1 ELM for all eukaryotes	(.[SAPTC][KRH][LMFI][*]$)|([KRH][SAPTC][NTS][LMFI][*]$)	1.51919053984e-05	5	1
AQULA_001751-PA	ELME000009	TRG_PTS1	PTS1	Generic PTS1 ELM for all eukaryotes	(.[SAPTC][KRH][LMFI][*]$)|([KRH][SAPTC][NTS][LMFI][*]$)	1.51919053984e-05	5	1
AQULA_001869-PA	ELME000009	TRG_PTS1	PTS1	Generic PTS1 ELM for all eukaryotes	(.[SAPTC][KRH][LMFI][*]$)|([KRH][SAPTC][NTS][LMFI][*]$)	1.51919053984e-05	5	1
AQULA_001958-PA	ELME000009	TRG_PTS1	PTS1	Generic PTS1 ELM for all eukaryotes	(.[SAPTC][KRH][LMFI][*]$)|([KRH][SAPTC][NTS][LMFI][*]$)	1.51919053984e-05	5	1
AQULA_002112-PA	ELME000009	TRG_PTS1	PTS1	Generic PTS1 ELM for all eukaryotes	(.[SAPTC][KRH][LMFI][*]$)|([KRH][SAPTC][NTS][LMFI][*]$)	1.51919053984e-05	5	1
AQULA_002179-PA	ELME000009	TRG_PTS1	PTS1	Generic PTS1 ELM for all eukaryotes	(.[SAPTC][KRH][LMFI][*]$)|([KRH][SAPTC][NTS][LMFI][*]$)	1.51919053984e-05	5	1
AQULA_002195-PA	ELME000009	TRG_PTS1	PTS1	Generic PTS1 ELM for all eukaryotes	(.[SAPTC][KRH][LMFI][*]$)|([KRH][SAPTC][NTS][LMFI][*]$)	1.51919053984e-05	5	1
AQULA_002198-PA	ELME000009	TRG_PTS1	PTS1	Generic PTS1 ELM for all eukaryotes	(.[SAPTC][KRH][LMFI][*]$)|([KRH][SAPTC][NTS][LMFI][*]$)	1.51919053984e-05	5	1
AQULA_002243-PA	ELME000009	TRG_PTS1	PTS1	Generic PTS1 ELM for all eukaryotes	(.[SAPTC][KRH][LMFI][*]$)|([KRH][SAPTC][NTS][LMFI][*]$)	1.51919053984e-05	5	1
AQULA_002339-PA	ELME000009	TRG_PTS1	PTS1	Generic PTS1 ELM for all eukaryotes	(.[SAPTC][KRH][LMFI][*]$)|([KRH][SAPTC][NTS][LMFI][*]$)	1.51919053984e-05	5	1
AQULA_002420-PA	ELME000009	TRG_PTS1	PTS1	Generic PTS1 ELM for all eukaryotes	(.[SAPTC][KRH][LMFI][*]$)|([KRH][SAPTC][NTS][LMFI][*]$)	1.51919053984e-05	5	1
AQULA_002435-PA	ELME000009	TRG_PTS1	PTS1	Generic PTS1 ELM for all eukaryotes	(.[SAPTC][KRH][LMFI][*]$)|([KRH][SAPTC][NTS][LMFI][*]$)	1.51919053984e-05	5	1
AQULA_002561-PA	ELME000069	TRG_PTS2	PTS2	Generic PTS2 pattern for all eukaryotes (except lineages which have lost it)	^.{1,40}R[^P][^P][^P][LIV][^P][^P][HQ][LIF]	3.93913953465e-06	2	2
AQULA_002604-PA	ELME000009	TRG_PTS1	PTS1	Generic PTS1 ELM for all eukaryotes	(.[SAPTC][KRH][LMFI][*]$)|([KRH][SAPTC][NTS][LMFI][*]$)	1.51919053984e-05	5	1
AQULA_002625-PA	ELME000009	TRG_PTS1	PTS1	Generic PTS1 ELM for all eukaryotes	(.[SAPTC][KRH][LMFI][*]$)|([KRH][SAPTC][NTS][LMFI][*]$)	1.51919053984e-05	5	1
AQULA_002675-PA	ELME000378	LIG_Pex14_4	Pex14 ligand motif	Fungal motif in Pex5 interacting with the N-terminal domain of Pex14	MM[NDE][EDNAG]F[LMA]	6.22956325844e-08	0	0
AQULA_002707-PA	ELME000009	TRG_PTS1	PTS1	Generic PTS1 ELM for all eukaryotes	(.[SAPTC][KRH][LMFI][*]$)|([KRH][SAPTC][NTS][LMFI][*]$)	1.51919053984e-05	5	1
AQULA_002712-PA	ELME000009	TRG_PTS1	PTS1	Generic PTS1 ELM for all eukaryotes	(.[SAPTC][KRH][LMFI][*]$)|([KRH][SAPTC][NTS][LMFI][*]$)	1.51919053984e-05	5	1
AQULA_002856-PA	ELME000009	TRG_PTS1	PTS1	Generic PTS1 ELM for all eukaryotes	(.[SAPTC][KRH][LMFI][*]$)|([KRH][SAPTC][NTS][LMFI][*]$)	1.51919053984e-05	5	1
AQULA_002971-PA	ELME000069	TRG_PTS2	PTS2	Generic PTS2 pattern for all eukaryotes (except lineages which have lost it)	^.{1,40}R[^P][^P][^P][LIV][^P][^P][HQ][LIF]	3.93913953465e-06	2	2
AQULA_002981-PA	ELME000009	TRG_PTS1	PTS1	Generic PTS1 ELM for all eukaryotes	(.[SAPTC][KRH][LMFI][*]$)|([KRH][SAPTC][NTS][LMFI][*]$)	1.51919053984e-05	5	1
AQULA_003041-PA	ELME000009	TRG_PTS1	PTS1	Generic PTS1 ELM for all eukaryotes	(.[SAPTC][KRH][LMFI][*]$)|([KRH][SAPTC][NTS][LMFI][*]$)	1.51919053984e-05	5	1
AQULA_003062-PA	ELME000009	TRG_PTS1	PTS1	Generic PTS1 ELM for all eukaryotes	(.[SAPTC][KRH][LMFI][*]$)|([KRH][SAPTC][NTS][LMFI][*]$)	1.51919053984e-05	5	1
AQULA_003067-PA	ELME000009	TRG_PTS1	PTS1	Generic PTS1 ELM for all eukaryotes	(.[SAPTC][KRH][LMFI][*]$)|([KRH][SAPTC][NTS][LMFI][*]$)	1.51919053984e-05	5	1
AQULA_003090-PA	ELME000009	TRG_PTS1	PTS1	Generic PTS1 ELM for all eukaryotes	(.[SAPTC][KRH][LMFI][*]$)|([KRH][SAPTC][NTS][LMFI][*]$)	1.51919053984e-05	5	1
AQULA_003117-PA	ELME000009	TRG_PTS1	PTS1	Generic PTS1 ELM for all eukaryotes	(.[SAPTC][KRH][LMFI][*]$)|([KRH][SAPTC][NTS][LMFI][*]$)	1.51919053984e-05	5	1
AQULA_003181-PA	ELME000009	TRG_PTS1	PTS1	Generic PTS1 ELM for all eukaryotes	(.[SAPTC][KRH][LMFI][*]$)|([KRH][SAPTC][NTS][LMFI][*]$)	1.51919053984e-05	5	1
AQULA_003210-PA	ELME000009	TRG_PTS1	PTS1	Generic PTS1 ELM for all eukaryotes	(.[SAPTC][KRH][LMFI][*]$)|([KRH][SAPTC][NTS][LMFI][*]$)	1.51919053984e-05	5	1
AQULA_003285-PA	ELME000009	TRG_PTS1	PTS1	Generic PTS1 ELM for all eukaryotes	(.[SAPTC][KRH][LMFI][*]$)|([KRH][SAPTC][NTS][LMFI][*]$)	1.51919053984e-05	5	1
AQULA_003369-PA	ELME000069	TRG_PTS2	PTS2	Generic PTS2 pattern for all eukaryotes (except lineages which have lost it)	^.{1,40}R[^P][^P][^P][LIV][^P][^P][HQ][LIF]	3.93913953465e-06	2	2
AQULA_003373-PA	ELME000009	TRG_PTS1	PTS1	Generic PTS1 ELM for all eukaryotes	(.[SAPTC][KRH][LMFI][*]$)|([KRH][SAPTC][NTS][LMFI][*]$)	1.51919053984e-05	5	1
AQULA_003469-PA	ELME000069	TRG_PTS2	PTS2	Generic PTS2 pattern for all eukaryotes (except lineages which have lost it)	^.{1,40}R[^P][^P][^P][LIV][^P][^P][HQ][LIF]	3.93913953465e-06	2	2
AQULA_003490-PA	ELME000009	TRG_PTS1	PTS1	Generic PTS1 ELM for all eukaryotes	(.[SAPTC][KRH][LMFI][*]$)|([KRH][SAPTC][NTS][LMFI][*]$)	1.51919053984e-05	5	1
AQULA_003537-PA	ELME000009	TRG_PTS1	PTS1	Generic PTS1 ELM for all eukaryotes	(.[SAPTC][KRH][LMFI][*]$)|([KRH][SAPTC][NTS][LMFI][*]$)	1.51919053984e-05	5	1
AQULA_003617-PA	ELME000069	TRG_PTS2	PTS2	Generic PTS2 pattern for all eukaryotes (except lineages which have lost it)	^.{1,40}R[^P][^P][^P][LIV][^P][^P][HQ][LIF]	3.93913953465e-06	2	2
AQULA_003700-PA	ELME000009	TRG_PTS1	PTS1	Generic PTS1 ELM for all eukaryotes	(.[SAPTC][KRH][LMFI][*]$)|([KRH][SAPTC][NTS][LMFI][*]$)	1.51919053984e-05	5	1
AQULA_003768-PA	ELME000069	TRG_PTS2	PTS2	Generic PTS2 pattern for all eukaryotes (except lineages which have lost it)	^.{1,40}R[^P][^P][^P][LIV][^P][^P][HQ][LIF]	3.93913953465e-06	2	2
AQULA_003835-PA	ELME000069	TRG_PTS2	PTS2	Generic PTS2 pattern for all eukaryotes (except lineages which have lost it)	^.{1,40}R[^P][^P][^P][LIV][^P][^P][HQ][LIF]	3.93913953465e-06	2	2
AQULA_003926-PA	ELME000069	TRG_PTS2	PTS2	Generic PTS2 pattern for all eukaryotes (except lineages which have lost it)	^.{1,40}R[^P][^P][^P][LIV][^P][^P][HQ][LIF]	3.93913953465e-06	2	2
AQULA_004013-PA	ELME000009	TRG_PTS1	PTS1	Generic PTS1 ELM for all eukaryotes	(.[SAPTC][KRH][LMFI][*]$)|([KRH][SAPTC][NTS][LMFI][*]$)	1.51919053984e-05	5	1
AQULA_004102-PA	ELME000009	TRG_PTS1	PTS1	Generic PTS1 ELM for all eukaryotes	(.[SAPTC][KRH][LMFI][*]$)|([KRH][SAPTC][NTS][LMFI][*]$)	1.51919053984e-05	5	1
AQULA_004086-PA	ELME000009	TRG_PTS1	PTS1	Generic PTS1 ELM for all eukaryotes	(.[SAPTC][KRH][LMFI][*]$)|([KRH][SAPTC][NTS][LMFI][*]$)	1.51919053984e-05	5	1
AQULA_004111-PA	ELME000009	TRG_PTS1	PTS1	Generic PTS1 ELM for all eukaryotes	(.[SAPTC][KRH][LMFI][*]$)|([KRH][SAPTC][NTS][LMFI][*]$)	1.51919053984e-05	5	1
AQULA_004146-PA	ELME000069	TRG_PTS2	PTS2	Generic PTS2 pattern for all eukaryotes (except lineages which have lost it)	^.{1,40}R[^P][^P][^P][LIV][^P][^P][HQ][LIF]	3.93913953465e-06	2	2
AQULA_004207-PA	ELME000009	TRG_PTS1	PTS1	Generic PTS1 ELM for all eukaryotes	(.[SAPTC][KRH][LMFI][*]$)|([KRH][SAPTC][NTS][LMFI][*]$)	1.51919053984e-05	5	1
AQULA_004231-PA	ELME000009	TRG_PTS1	PTS1	Generic PTS1 ELM for all eukaryotes	(.[SAPTC][KRH][LMFI][*]$)|([KRH][SAPTC][NTS][LMFI][*]$)	1.51919053984e-05	5	1
AQULA_004261-PA	ELME000009	TRG_PTS1	PTS1	Generic PTS1 ELM for all eukaryotes	(.[SAPTC][KRH][LMFI][*]$)|([KRH][SAPTC][NTS][LMFI][*]$)	1.51919053984e-05	5	1
AQULA_004314-PA	ELME000069	TRG_PTS2	PTS2	Generic PTS2 pattern for all eukaryotes (except lineages which have lost it)	^.{1,40}R[^P][^P][^P][LIV][^P][^P][HQ][LIF]	3.93913953465e-06	2	2
AQULA_004373-PA	ELME000009	TRG_PTS1	PTS1	Generic PTS1 ELM for all eukaryotes	(.[SAPTC][KRH][LMFI][*]$)|([KRH][SAPTC][NTS][LMFI][*]$)	1.51919053984e-05	5	1
AQULA_004400-PA	ELME000009	TRG_PTS1	PTS1	Generic PTS1 ELM for all eukaryotes	(.[SAPTC][KRH][LMFI][*]$)|([KRH][SAPTC][NTS][LMFI][*]$)	1.51919053984e-05	5	1
AQULA_004421-PA	ELME000377	LIG_Pex14_3	Pex14 ligand motif	Motif in Pex5 interacting with the N-terminal domain (NTD) of Pex14	LV.EF[LM]	5.00205191734e-07	1	1
AQULA_004590-PA	ELME000009	TRG_PTS1	PTS1	Generic PTS1 ELM for all eukaryotes	(.[SAPTC][KRH][LMFI][*]$)|([KRH][SAPTC][NTS][LMFI][*]$)	1.51919053984e-05	5	1
AQULA_004608-PA	ELME000009	TRG_PTS1	PTS1	Generic PTS1 ELM for all eukaryotes	(.[SAPTC][KRH][LMFI][*]$)|([KRH][SAPTC][NTS][LMFI][*]$)	1.51919053984e-05	5	1
AQULA_004743-PA	ELME000009	TRG_PTS1	PTS1	Generic PTS1 ELM for all eukaryotes	(.[SAPTC][KRH][LMFI][*]$)|([KRH][SAPTC][NTS][LMFI][*]$)	1.51919053984e-05	5	1
AQULA_004739-PA	ELME000009	TRG_PTS1	PTS1	Generic PTS1 ELM for all eukaryotes	(.[SAPTC][KRH][LMFI][*]$)|([KRH][SAPTC][NTS][LMFI][*]$)	1.51919053984e-05	5	1
AQULA_004765-PA	ELME000009	TRG_PTS1	PTS1	Generic PTS1 ELM for all eukaryotes	(.[SAPTC][KRH][LMFI][*]$)|([KRH][SAPTC][NTS][LMFI][*]$)	1.51919053984e-05	5	1
AQULA_004772-PA	ELME000009	TRG_PTS1	PTS1	Generic PTS1 ELM for all eukaryotes	(.[SAPTC][KRH][LMFI][*]$)|([KRH][SAPTC][NTS][LMFI][*]$)	1.51919053984e-05	5	1
AQULA_004841-PA	ELME000009	TRG_PTS1	PTS1	Generic PTS1 ELM for all eukaryotes	(.[SAPTC][KRH][LMFI][*]$)|([KRH][SAPTC][NTS][LMFI][*]$)	1.51919053984e-05	5	1
AQULA_004999-PA	ELME000009	TRG_PTS1	PTS1	Generic PTS1 ELM for all eukaryotes	(.[SAPTC][KRH][LMFI][*]$)|([KRH][SAPTC][NTS][LMFI][*]$)	1.51919053984e-05	5	1
AQULA_005078-PA	ELME000009	TRG_PTS1	PTS1	Generic PTS1 ELM for all eukaryotes	(.[SAPTC][KRH][LMFI][*]$)|([KRH][SAPTC][NTS][LMFI][*]$)	1.51919053984e-05	5	1
AQULA_005056-PA	ELME000009	TRG_PTS1	PTS1	Generic PTS1 ELM for all eukaryotes	(.[SAPTC][KRH][LMFI][*]$)|([KRH][SAPTC][NTS][LMFI][*]$)	1.51919053984e-05	5	1
AQULA_005067-PA	ELME000009	TRG_PTS1	PTS1	Generic PTS1 ELM for all eukaryotes	(.[SAPTC][KRH][LMFI][*]$)|([KRH][SAPTC][NTS][LMFI][*]$)	1.51919053984e-05	5	1
AQULA_005073-PA	ELME000009	TRG_PTS1	PTS1	Generic PTS1 ELM for all eukaryotes	(.[SAPTC][KRH][LMFI][*]$)|([KRH][SAPTC][NTS][LMFI][*]$)	1.51919053984e-05	5	1
AQULA_005058-PA	ELME000009	TRG_PTS1	PTS1	Generic PTS1 ELM for all eukaryotes	(.[SAPTC][KRH][LMFI][*]$)|([KRH][SAPTC][NTS][LMFI][*]$)	1.51919053984e-05	5	1
AQULA_005093-PA	ELME000009	TRG_PTS1	PTS1	Generic PTS1 ELM for all eukaryotes	(.[SAPTC][KRH][LMFI][*]$)|([KRH][SAPTC][NTS][LMFI][*]$)	1.51919053984e-05	5	1
AQULA_005126-PA	ELME000009	TRG_PTS1	PTS1	Generic PTS1 ELM for all eukaryotes	(.[SAPTC][KRH][LMFI][*]$)|([KRH][SAPTC][NTS][LMFI][*]$)	1.51919053984e-05	5	1
AQULA_005116-PA	ELME000069	TRG_PTS2	PTS2	Generic PTS2 pattern for all eukaryotes (except lineages which have lost it)	^.{1,40}R[^P][^P][^P][LIV][^P][^P][HQ][LIF]	3.93913953465e-06	2	2
AQULA_005136-PA	ELME000069	TRG_PTS2	PTS2	Generic PTS2 pattern for all eukaryotes (except lineages which have lost it)	^.{1,40}R[^P][^P][^P][LIV][^P][^P][HQ][LIF]	3.93913953465e-06	2	2
AQULA_005270-PA	ELME000009	TRG_PTS1	PTS1	Generic PTS1 ELM for all eukaryotes	(.[SAPTC][KRH][LMFI][*]$)|([KRH][SAPTC][NTS][LMFI][*]$)	1.51919053984e-05	5	1
AQULA_005318-PA	ELME000009	TRG_PTS1	PTS1	Generic PTS1 ELM for all eukaryotes	(.[SAPTC][KRH][LMFI][*]$)|([KRH][SAPTC][NTS][LMFI][*]$)	1.51919053984e-05	5	1
AQULA_005314-PA	ELME000009	TRG_PTS1	PTS1	Generic PTS1 ELM for all eukaryotes	(.[SAPTC][KRH][LMFI][*]$)|([KRH][SAPTC][NTS][LMFI][*]$)	1.51919053984e-05	5	1
AQULA_005337-PA	ELME000009	TRG_PTS1	PTS1	Generic PTS1 ELM for all eukaryotes	(.[SAPTC][KRH][LMFI][*]$)|([KRH][SAPTC][NTS][LMFI][*]$)	1.51919053984e-05	5	1
AQULA_005352-PA	ELME000009	TRG_PTS1	PTS1	Generic PTS1 ELM for all eukaryotes	(.[SAPTC][KRH][LMFI][*]$)|([KRH][SAPTC][NTS][LMFI][*]$)	1.51919053984e-05	5	1
AQULA_005334-PA	ELME000009	TRG_PTS1	PTS1	Generic PTS1 ELM for all eukaryotes	(.[SAPTC][KRH][LMFI][*]$)|([KRH][SAPTC][NTS][LMFI][*]$)	1.51919053984e-05	5	1
AQULA_005472-PA	ELME000009	TRG_PTS1	PTS1	Generic PTS1 ELM for all eukaryotes	(.[SAPTC][KRH][LMFI][*]$)|([KRH][SAPTC][NTS][LMFI][*]$)	1.51919053984e-05	5	1
AQULA_005475-PA	ELME000009	TRG_PTS1	PTS1	Generic PTS1 ELM for all eukaryotes	(.[SAPTC][KRH][LMFI][*]$)|([KRH][SAPTC][NTS][LMFI][*]$)	1.51919053984e-05	5	1
AQULA_005495-PA	ELME000009	TRG_PTS1	PTS1	Generic PTS1 ELM for all eukaryotes	(.[SAPTC][KRH][LMFI][*]$)|([KRH][SAPTC][NTS][LMFI][*]$)	1.51919053984e-05	5	1
AQULA_005509-PA	ELME000069	TRG_PTS2	PTS2	Generic PTS2 pattern for all eukaryotes (except lineages which have lost it)	^.{1,40}R[^P][^P][^P][LIV][^P][^P][HQ][LIF]	3.93913953465e-06	2	2
AQULA_005548-PA	ELME000009	TRG_PTS1	PTS1	Generic PTS1 ELM for all eukaryotes	(.[SAPTC][KRH][LMFI][*]$)|([KRH][SAPTC][NTS][LMFI][*]$)	1.51919053984e-05	5	1
AQULA_005597-PA	ELME000069	TRG_PTS2	PTS2	Generic PTS2 pattern for all eukaryotes (except lineages which have lost it)	^.{1,40}R[^P][^P][^P][LIV][^P][^P][HQ][LIF]	3.93913953465e-06	2	2
AQULA_005601-PA	ELME000069	TRG_PTS2	PTS2	Generic PTS2 pattern for all eukaryotes (except lineages which have lost it)	^.{1,40}R[^P][^P][^P][LIV][^P][^P][HQ][LIF]	3.93913953465e-06	2	2
AQULA_005685-PA	ELME000009	TRG_PTS1	PTS1	Generic PTS1 ELM for all eukaryotes	(.[SAPTC][KRH][LMFI][*]$)|([KRH][SAPTC][NTS][LMFI][*]$)	1.51919053984e-05	5	1
AQULA_005770-PA	ELME000009	TRG_PTS1	PTS1	Generic PTS1 ELM for all eukaryotes	(.[SAPTC][KRH][LMFI][*]$)|([KRH][SAPTC][NTS][LMFI][*]$)	1.51919053984e-05	5	1
AQULA_005785-PA	ELME000009	TRG_PTS1	PTS1	Generic PTS1 ELM for all eukaryotes	(.[SAPTC][KRH][LMFI][*]$)|([KRH][SAPTC][NTS][LMFI][*]$)	1.51919053984e-05	5	1
AQULA_005905-PA	ELME000069	TRG_PTS2	PTS2	Generic PTS2 pattern for all eukaryotes (except lineages which have lost it)	^.{1,40}R[^P][^P][^P][LIV][^P][^P][HQ][LIF]	3.93913953465e-06	2	2
AQULA_006042-PA	ELME000009	TRG_PTS1	PTS1	Generic PTS1 ELM for all eukaryotes	(.[SAPTC][KRH][LMFI][*]$)|([KRH][SAPTC][NTS][LMFI][*]$)	1.51919053984e-05	5	1
AQULA_006052-PA	ELME000069	TRG_PTS2	PTS2	Generic PTS2 pattern for all eukaryotes (except lineages which have lost it)	^.{1,40}R[^P][^P][^P][LIV][^P][^P][HQ][LIF]	3.93913953465e-06	2	2
AQULA_006072-PA	ELME000069	TRG_PTS2	PTS2	Generic PTS2 pattern for all eukaryotes (except lineages which have lost it)	^.{1,40}R[^P][^P][^P][LIV][^P][^P][HQ][LIF]	3.93913953465e-06	2	2
AQULA_006170-PA	ELME000009	TRG_PTS1	PTS1	Generic PTS1 ELM for all eukaryotes	(.[SAPTC][KRH][LMFI][*]$)|([KRH][SAPTC][NTS][LMFI][*]$)	1.51919053984e-05	5	1
AQULA_006256-PA	ELME000009	TRG_PTS1	PTS1	Generic PTS1 ELM for all eukaryotes	(.[SAPTC][KRH][LMFI][*]$)|([KRH][SAPTC][NTS][LMFI][*]$)	1.51919053984e-05	5	1
AQULA_006244-PA	ELME000009	TRG_PTS1	PTS1	Generic PTS1 ELM for all eukaryotes	(.[SAPTC][KRH][LMFI][*]$)|([KRH][SAPTC][NTS][LMFI][*]$)	1.51919053984e-05	5	1
AQULA_006248-PA	ELME000009	TRG_PTS1	PTS1	Generic PTS1 ELM for all eukaryotes	(.[SAPTC][KRH][LMFI][*]$)|([KRH][SAPTC][NTS][LMFI][*]$)	1.51919053984e-05	5	1
AQULA_006260-PA	ELME000009	TRG_PTS1	PTS1	Generic PTS1 ELM for all eukaryotes	(.[SAPTC][KRH][LMFI][*]$)|([KRH][SAPTC][NTS][LMFI][*]$)	1.51919053984e-05	5	1
AQULA_006442-PA	ELME000009	TRG_PTS1	PTS1	Generic PTS1 ELM for all eukaryotes	(.[SAPTC][KRH][LMFI][*]$)|([KRH][SAPTC][NTS][LMFI][*]$)	1.51919053984e-05	5	1
AQULA_006522-PA	ELME000009	TRG_PTS1	PTS1	Generic PTS1 ELM for all eukaryotes	(.[SAPTC][KRH][LMFI][*]$)|([KRH][SAPTC][NTS][LMFI][*]$)	1.51919053984e-05	5	1
AQULA_006522-PA	ELME000069	TRG_PTS2	PTS2	Generic PTS2 pattern for all eukaryotes (except lineages which have lost it)	^.{1,40}R[^P][^P][^P][LIV][^P][^P][HQ][LIF]	3.93913953465e-06	2	2
AQULA_006525-PA	ELME000009	TRG_PTS1	PTS1	Generic PTS1 ELM for all eukaryotes	(.[SAPTC][KRH][LMFI][*]$)|([KRH][SAPTC][NTS][LMFI][*]$)	1.51919053984e-05	5	1
AQULA_006545-PA	ELME000009	TRG_PTS1	PTS1	Generic PTS1 ELM for all eukaryotes	(.[SAPTC][KRH][LMFI][*]$)|([KRH][SAPTC][NTS][LMFI][*]$)	1.51919053984e-05	5	1
AQULA_006676-PA	ELME000009	TRG_PTS1	PTS1	Generic PTS1 ELM for all eukaryotes	(.[SAPTC][KRH][LMFI][*]$)|([KRH][SAPTC][NTS][LMFI][*]$)	1.51919053984e-05	5	1
AQULA_006624-PA	ELME000009	TRG_PTS1	PTS1	Generic PTS1 ELM for all eukaryotes	(.[SAPTC][KRH][LMFI][*]$)|([KRH][SAPTC][NTS][LMFI][*]$)	1.51919053984e-05	5	1
AQULA_006631-PA	ELME000009	TRG_PTS1	PTS1	Generic PTS1 ELM for all eukaryotes	(.[SAPTC][KRH][LMFI][*]$)|([KRH][SAPTC][NTS][LMFI][*]$)	1.51919053984e-05	5	1
AQULA_006662-PA	ELME000009	TRG_PTS1	PTS1	Generic PTS1 ELM for all eukaryotes	(.[SAPTC][KRH][LMFI][*]$)|([KRH][SAPTC][NTS][LMFI][*]$)	1.51919053984e-05	5	1
AQULA_006659-PA	ELME000009	TRG_PTS1	PTS1	Generic PTS1 ELM for all eukaryotes	(.[SAPTC][KRH][LMFI][*]$)|([KRH][SAPTC][NTS][LMFI][*]$)	1.51919053984e-05	5	1
AQULA_006748-PA	ELME000009	TRG_PTS1	PTS1	Generic PTS1 ELM for all eukaryotes	(.[SAPTC][KRH][LMFI][*]$)|([KRH][SAPTC][NTS][LMFI][*]$)	1.51919053984e-05	5	1
AQULA_006772-PA	ELME000009	TRG_PTS1	PTS1	Generic PTS1 ELM for all eukaryotes	(.[SAPTC][KRH][LMFI][*]$)|([KRH][SAPTC][NTS][LMFI][*]$)	1.51919053984e-05	5	1
AQULA_006819-PA	ELME000009	TRG_PTS1	PTS1	Generic PTS1 ELM for all eukaryotes	(.[SAPTC][KRH][LMFI][*]$)|([KRH][SAPTC][NTS][LMFI][*]$)	1.51919053984e-05	5	1
AQULA_006878-PA	ELME000009	TRG_PTS1	PTS1	Generic PTS1 ELM for all eukaryotes	(.[SAPTC][KRH][LMFI][*]$)|([KRH][SAPTC][NTS][LMFI][*]$)	1.51919053984e-05	5	1
AQULA_006930-PA	ELME000009	TRG_PTS1	PTS1	Generic PTS1 ELM for all eukaryotes	(.[SAPTC][KRH][LMFI][*]$)|([KRH][SAPTC][NTS][LMFI][*]$)	1.51919053984e-05	5	1
AQULA_007049-PA	ELME000069	TRG_PTS2	PTS2	Generic PTS2 pattern for all eukaryotes (except lineages which have lost it)	^.{1,40}R[^P][^P][^P][LIV][^P][^P][HQ][LIF]	3.93913953465e-06	2	2
AQULA_007249-PA	ELME000009	TRG_PTS1	PTS1	Generic PTS1 ELM for all eukaryotes	(.[SAPTC][KRH][LMFI][*]$)|([KRH][SAPTC][NTS][LMFI][*]$)	1.51919053984e-05	5	1
AQULA_007262-PA	ELME000009	TRG_PTS1	PTS1	Generic PTS1 ELM for all eukaryotes	(.[SAPTC][KRH][LMFI][*]$)|([KRH][SAPTC][NTS][LMFI][*]$)	1.51919053984e-05	5	1
AQULA_007326-PA	ELME000009	TRG_PTS1	PTS1	Generic PTS1 ELM for all eukaryotes	(.[SAPTC][KRH][LMFI][*]$)|([KRH][SAPTC][NTS][LMFI][*]$)	1.51919053984e-05	5	1
AQULA_007339-PA	ELME000069	TRG_PTS2	PTS2	Generic PTS2 pattern for all eukaryotes (except lineages which have lost it)	^.{1,40}R[^P][^P][^P][LIV][^P][^P][HQ][LIF]	3.93913953465e-06	2	2
AQULA_007407-PA	ELME000009	TRG_PTS1	PTS1	Generic PTS1 ELM for all eukaryotes	(.[SAPTC][KRH][LMFI][*]$)|([KRH][SAPTC][NTS][LMFI][*]$)	1.51919053984e-05	5	1
AQULA_007513-PA	ELME000009	TRG_PTS1	PTS1	Generic PTS1 ELM for all eukaryotes	(.[SAPTC][KRH][LMFI][*]$)|([KRH][SAPTC][NTS][LMFI][*]$)	1.51919053984e-05	5	1
AQULA_007536-PA	ELME000009	TRG_PTS1	PTS1	Generic PTS1 ELM for all eukaryotes	(.[SAPTC][KRH][LMFI][*]$)|([KRH][SAPTC][NTS][LMFI][*]$)	1.51919053984e-05	5	1
AQULA_007555-PA	ELME000009	TRG_PTS1	PTS1	Generic PTS1 ELM for all eukaryotes	(.[SAPTC][KRH][LMFI][*]$)|([KRH][SAPTC][NTS][LMFI][*]$)	1.51919053984e-05	5	1
AQULA_007718-PA	ELME000009	TRG_PTS1	PTS1	Generic PTS1 ELM for all eukaryotes	(.[SAPTC][KRH][LMFI][*]$)|([KRH][SAPTC][NTS][LMFI][*]$)	1.51919053984e-05	5	1
AQULA_007753-PA	ELME000009	TRG_PTS1	PTS1	Generic PTS1 ELM for all eukaryotes	(.[SAPTC][KRH][LMFI][*]$)|([KRH][SAPTC][NTS][LMFI][*]$)	1.51919053984e-05	5	1
AQULA_007761-PA	ELME000009	TRG_PTS1	PTS1	Generic PTS1 ELM for all eukaryotes	(.[SAPTC][KRH][LMFI][*]$)|([KRH][SAPTC][NTS][LMFI][*]$)	1.51919053984e-05	5	1
AQULA_007842-PA	ELME000009	TRG_PTS1	PTS1	Generic PTS1 ELM for all eukaryotes	(.[SAPTC][KRH][LMFI][*]$)|([KRH][SAPTC][NTS][LMFI][*]$)	1.51919053984e-05	5	1
AQULA_007921-PA	ELME000009	TRG_PTS1	PTS1	Generic PTS1 ELM for all eukaryotes	(.[SAPTC][KRH][LMFI][*]$)|([KRH][SAPTC][NTS][LMFI][*]$)	1.51919053984e-05	5	1
AQULA_007943-PA	ELME000069	TRG_PTS2	PTS2	Generic PTS2 pattern for all eukaryotes (except lineages which have lost it)	^.{1,40}R[^P][^P][^P][LIV][^P][^P][HQ][LIF]	3.93913953465e-06	2	2
AQULA_007937-PA	ELME000009	TRG_PTS1	PTS1	Generic PTS1 ELM for all eukaryotes	(.[SAPTC][KRH][LMFI][*]$)|([KRH][SAPTC][NTS][LMFI][*]$)	1.51919053984e-05	5	1
AQULA_007956-PA	ELME000009	TRG_PTS1	PTS1	Generic PTS1 ELM for all eukaryotes	(.[SAPTC][KRH][LMFI][*]$)|([KRH][SAPTC][NTS][LMFI][*]$)	1.51919053984e-05	5	1
AQULA_008079-PA	ELME000009	TRG_PTS1	PTS1	Generic PTS1 ELM for all eukaryotes	(.[SAPTC][KRH][LMFI][*]$)|([KRH][SAPTC][NTS][LMFI][*]$)	1.51919053984e-05	5	1
AQULA_008145-PA	ELME000069	TRG_PTS2	PTS2	Generic PTS2 pattern for all eukaryotes (except lineages which have lost it)	^.{1,40}R[^P][^P][^P][LIV][^P][^P][HQ][LIF]	3.93913953465e-06	2	2
AQULA_008160-PA	ELME000377	LIG_Pex14_3	Pex14 ligand motif	Motif in Pex5 interacting with the N-terminal domain (NTD) of Pex14	LV.EF[LM]	5.00205191734e-07	1	1
AQULA_008160-PA	ELME000009	TRG_PTS1	PTS1	Generic PTS1 ELM for all eukaryotes	(.[SAPTC][KRH][LMFI][*]$)|([KRH][SAPTC][NTS][LMFI][*]$)	1.51919053984e-05	5	1
AQULA_008250-PA	ELME000009	TRG_PTS1	PTS1	Generic PTS1 ELM for all eukaryotes	(.[SAPTC][KRH][LMFI][*]$)|([KRH][SAPTC][NTS][LMFI][*]$)	1.51919053984e-05	5	1
AQULA_008249-PA	ELME000009	TRG_PTS1	PTS1	Generic PTS1 ELM for all eukaryotes	(.[SAPTC][KRH][LMFI][*]$)|([KRH][SAPTC][NTS][LMFI][*]$)	1.51919053984e-05	5	1
AQULA_008314-PA	ELME000377	LIG_Pex14_3	Pex14 ligand motif	Motif in Pex5 interacting with the N-terminal domain (NTD) of Pex14	LV.EF[LM]	5.00205191734e-07	1	1
AQULA_008386-PA	ELME000009	TRG_PTS1	PTS1	Generic PTS1 ELM for all eukaryotes	(.[SAPTC][KRH][LMFI][*]$)|([KRH][SAPTC][NTS][LMFI][*]$)	1.51919053984e-05	5	1
AQULA_008381-PA	ELME000069	TRG_PTS2	PTS2	Generic PTS2 pattern for all eukaryotes (except lineages which have lost it)	^.{1,40}R[^P][^P][^P][LIV][^P][^P][HQ][LIF]	3.93913953465e-06	2	2
AQULA_008521-PA	ELME000009	TRG_PTS1	PTS1	Generic PTS1 ELM for all eukaryotes	(.[SAPTC][KRH][LMFI][*]$)|([KRH][SAPTC][NTS][LMFI][*]$)	1.51919053984e-05	5	1
AQULA_008529-PA	ELME000377	LIG_Pex14_3	Pex14 ligand motif	Motif in Pex5 interacting with the N-terminal domain (NTD) of Pex14	LV.EF[LM]	5.00205191734e-07	1	1
AQULA_008538-PA	ELME000069	TRG_PTS2	PTS2	Generic PTS2 pattern for all eukaryotes (except lineages which have lost it)	^.{1,40}R[^P][^P][^P][LIV][^P][^P][HQ][LIF]	3.93913953465e-06	2	2
AQULA_008573-PA	ELME000009	TRG_PTS1	PTS1	Generic PTS1 ELM for all eukaryotes	(.[SAPTC][KRH][LMFI][*]$)|([KRH][SAPTC][NTS][LMFI][*]$)	1.51919053984e-05	5	1
AQULA_008608-PA	ELME000009	TRG_PTS1	PTS1	Generic PTS1 ELM for all eukaryotes	(.[SAPTC][KRH][LMFI][*]$)|([KRH][SAPTC][NTS][LMFI][*]$)	1.51919053984e-05	5	1
AQULA_008659-PA	ELME000009	TRG_PTS1	PTS1	Generic PTS1 ELM for all eukaryotes	(.[SAPTC][KRH][LMFI][*]$)|([KRH][SAPTC][NTS][LMFI][*]$)	1.51919053984e-05	5	1
AQULA_008741-PA	ELME000009	TRG_PTS1	PTS1	Generic PTS1 ELM for all eukaryotes	(.[SAPTC][KRH][LMFI][*]$)|([KRH][SAPTC][NTS][LMFI][*]$)	1.51919053984e-05	5	1
AQULA_008727-PA	ELME000009	TRG_PTS1	PTS1	Generic PTS1 ELM for all eukaryotes	(.[SAPTC][KRH][LMFI][*]$)|([KRH][SAPTC][NTS][LMFI][*]$)	1.51919053984e-05	5	1
AQULA_008848-PA	ELME000009	TRG_PTS1	PTS1	Generic PTS1 ELM for all eukaryotes	(.[SAPTC][KRH][LMFI][*]$)|([KRH][SAPTC][NTS][LMFI][*]$)	1.51919053984e-05	5	1
AQULA_008851-PA	ELME000069	TRG_PTS2	PTS2	Generic PTS2 pattern for all eukaryotes (except lineages which have lost it)	^.{1,40}R[^P][^P][^P][LIV][^P][^P][HQ][LIF]	3.93913953465e-06	2	2
AQULA_009008-PA	ELME000069	TRG_PTS2	PTS2	Generic PTS2 pattern for all eukaryotes (except lineages which have lost it)	^.{1,40}R[^P][^P][^P][LIV][^P][^P][HQ][LIF]	3.93913953465e-06	2	2
AQULA_009026-PA	ELME000009	TRG_PTS1	PTS1	Generic PTS1 ELM for all eukaryotes	(.[SAPTC][KRH][LMFI][*]$)|([KRH][SAPTC][NTS][LMFI][*]$)	1.51919053984e-05	5	1
AQULA_009113-PA	ELME000009	TRG_PTS1	PTS1	Generic PTS1 ELM for all eukaryotes	(.[SAPTC][KRH][LMFI][*]$)|([KRH][SAPTC][NTS][LMFI][*]$)	1.51919053984e-05	5	1
AQULA_009267-PA	ELME000009	TRG_PTS1	PTS1	Generic PTS1 ELM for all eukaryotes	(.[SAPTC][KRH][LMFI][*]$)|([KRH][SAPTC][NTS][LMFI][*]$)	1.51919053984e-05	5	1
AQULA_009353-PA	ELME000009	TRG_PTS1	PTS1	Generic PTS1 ELM for all eukaryotes	(.[SAPTC][KRH][LMFI][*]$)|([KRH][SAPTC][NTS][LMFI][*]$)	1.51919053984e-05	5	1
AQULA_009378-PA	ELME000069	TRG_PTS2	PTS2	Generic PTS2 pattern for all eukaryotes (except lineages which have lost it)	^.{1,40}R[^P][^P][^P][LIV][^P][^P][HQ][LIF]	3.93913953465e-06	2	2
AQULA_009476-PA	ELME000009	TRG_PTS1	PTS1	Generic PTS1 ELM for all eukaryotes	(.[SAPTC][KRH][LMFI][*]$)|([KRH][SAPTC][NTS][LMFI][*]$)	1.51919053984e-05	5	1
AQULA_009477-PA	ELME000009	TRG_PTS1	PTS1	Generic PTS1 ELM for all eukaryotes	(.[SAPTC][KRH][LMFI][*]$)|([KRH][SAPTC][NTS][LMFI][*]$)	1.51919053984e-05	5	1
AQULA_009655-PA	ELME000009	TRG_PTS1	PTS1	Generic PTS1 ELM for all eukaryotes	(.[SAPTC][KRH][LMFI][*]$)|([KRH][SAPTC][NTS][LMFI][*]$)	1.51919053984e-05	5	1
AQULA_009666-PA	ELME000069	TRG_PTS2	PTS2	Generic PTS2 pattern for all eukaryotes (except lineages which have lost it)	^.{1,40}R[^P][^P][^P][LIV][^P][^P][HQ][LIF]	3.93913953465e-06	2	2
AQULA_009718-PA	ELME000009	TRG_PTS1	PTS1	Generic PTS1 ELM for all eukaryotes	(.[SAPTC][KRH][LMFI][*]$)|([KRH][SAPTC][NTS][LMFI][*]$)	1.51919053984e-05	5	1
AQULA_009760-PA	ELME000009	TRG_PTS1	PTS1	Generic PTS1 ELM for all eukaryotes	(.[SAPTC][KRH][LMFI][*]$)|([KRH][SAPTC][NTS][LMFI][*]$)	1.51919053984e-05	5	1
AQULA_009810-PA	ELME000009	TRG_PTS1	PTS1	Generic PTS1 ELM for all eukaryotes	(.[SAPTC][KRH][LMFI][*]$)|([KRH][SAPTC][NTS][LMFI][*]$)	1.51919053984e-05	5	1
AQULA_009927-PA	ELME000009	TRG_PTS1	PTS1	Generic PTS1 ELM for all eukaryotes	(.[SAPTC][KRH][LMFI][*]$)|([KRH][SAPTC][NTS][LMFI][*]$)	1.51919053984e-05	5	1
AQULA_009951-PA	ELME000069	TRG_PTS2	PTS2	Generic PTS2 pattern for all eukaryotes (except lineages which have lost it)	^.{1,40}R[^P][^P][^P][LIV][^P][^P][HQ][LIF]	3.93913953465e-06	2	2
AQULA_010012-PA	ELME000009	TRG_PTS1	PTS1	Generic PTS1 ELM for all eukaryotes	(.[SAPTC][KRH][LMFI][*]$)|([KRH][SAPTC][NTS][LMFI][*]$)	1.51919053984e-05	5	1
AQULA_010018-PA	ELME000009	TRG_PTS1	PTS1	Generic PTS1 ELM for all eukaryotes	(.[SAPTC][KRH][LMFI][*]$)|([KRH][SAPTC][NTS][LMFI][*]$)	1.51919053984e-05	5	1
AQULA_010091-PA	ELME000069	TRG_PTS2	PTS2	Generic PTS2 pattern for all eukaryotes (except lineages which have lost it)	^.{1,40}R[^P][^P][^P][LIV][^P][^P][HQ][LIF]	3.93913953465e-06	2	2
AQULA_010128-PA	ELME000009	TRG_PTS1	PTS1	Generic PTS1 ELM for all eukaryotes	(.[SAPTC][KRH][LMFI][*]$)|([KRH][SAPTC][NTS][LMFI][*]$)	1.51919053984e-05	5	1
AQULA_010115-PA	ELME000009	TRG_PTS1	PTS1	Generic PTS1 ELM for all eukaryotes	(.[SAPTC][KRH][LMFI][*]$)|([KRH][SAPTC][NTS][LMFI][*]$)	1.51919053984e-05	5	1
AQULA_010171-PA	ELME000009	TRG_PTS1	PTS1	Generic PTS1 ELM for all eukaryotes	(.[SAPTC][KRH][LMFI][*]$)|([KRH][SAPTC][NTS][LMFI][*]$)	1.51919053984e-05	5	1
AQULA_010210-PA	ELME000069	TRG_PTS2	PTS2	Generic PTS2 pattern for all eukaryotes (except lineages which have lost it)	^.{1,40}R[^P][^P][^P][LIV][^P][^P][HQ][LIF]	3.93913953465e-06	2	2
AQULA_010233-PA	ELME000009	TRG_PTS1	PTS1	Generic PTS1 ELM for all eukaryotes	(.[SAPTC][KRH][LMFI][*]$)|([KRH][SAPTC][NTS][LMFI][*]$)	1.51919053984e-05	5	1
AQULA_010225-PA	ELME000009	TRG_PTS1	PTS1	Generic PTS1 ELM for all eukaryotes	(.[SAPTC][KRH][LMFI][*]$)|([KRH][SAPTC][NTS][LMFI][*]$)	1.51919053984e-05	5	1
AQULA_010251-PA	ELME000009	TRG_PTS1	PTS1	Generic PTS1 ELM for all eukaryotes	(.[SAPTC][KRH][LMFI][*]$)|([KRH][SAPTC][NTS][LMFI][*]$)	1.51919053984e-05	5	1
AQULA_010334-PA	ELME000069	TRG_PTS2	PTS2	Generic PTS2 pattern for all eukaryotes (except lineages which have lost it)	^.{1,40}R[^P][^P][^P][LIV][^P][^P][HQ][LIF]	3.93913953465e-06	2	2
AQULA_010397-PA	ELME000009	TRG_PTS1	PTS1	Generic PTS1 ELM for all eukaryotes	(.[SAPTC][KRH][LMFI][*]$)|([KRH][SAPTC][NTS][LMFI][*]$)	1.51919053984e-05	5	1
AQULA_010436-PA	ELME000009	TRG_PTS1	PTS1	Generic PTS1 ELM for all eukaryotes	(.[SAPTC][KRH][LMFI][*]$)|([KRH][SAPTC][NTS][LMFI][*]$)	1.51919053984e-05	5	1
AQULA_010433-PA	ELME000069	TRG_PTS2	PTS2	Generic PTS2 pattern for all eukaryotes (except lineages which have lost it)	^.{1,40}R[^P][^P][^P][LIV][^P][^P][HQ][LIF]	3.93913953465e-06	2	2
AQULA_010492-PA	ELME000009	TRG_PTS1	PTS1	Generic PTS1 ELM for all eukaryotes	(.[SAPTC][KRH][LMFI][*]$)|([KRH][SAPTC][NTS][LMFI][*]$)	1.51919053984e-05	5	1
AQULA_010523-PA	ELME000009	TRG_PTS1	PTS1	Generic PTS1 ELM for all eukaryotes	(.[SAPTC][KRH][LMFI][*]$)|([KRH][SAPTC][NTS][LMFI][*]$)	1.51919053984e-05	5	1
AQULA_010567-PA	ELME000009	TRG_PTS1	PTS1	Generic PTS1 ELM for all eukaryotes	(.[SAPTC][KRH][LMFI][*]$)|([KRH][SAPTC][NTS][LMFI][*]$)	1.51919053984e-05	5	1
AQULA_010562-PA	ELME000009	TRG_PTS1	PTS1	Generic PTS1 ELM for all eukaryotes	(.[SAPTC][KRH][LMFI][*]$)|([KRH][SAPTC][NTS][LMFI][*]$)	1.51919053984e-05	5	1
AQULA_010574-PA	ELME000069	TRG_PTS2	PTS2	Generic PTS2 pattern for all eukaryotes (except lineages which have lost it)	^.{1,40}R[^P][^P][^P][LIV][^P][^P][HQ][LIF]	3.93913953465e-06	2	2
AQULA_010618-PA	ELME000009	TRG_PTS1	PTS1	Generic PTS1 ELM for all eukaryotes	(.[SAPTC][KRH][LMFI][*]$)|([KRH][SAPTC][NTS][LMFI][*]$)	1.51919053984e-05	5	1
AQULA_010680-PA	ELME000069	TRG_PTS2	PTS2	Generic PTS2 pattern for all eukaryotes (except lineages which have lost it)	^.{1,40}R[^P][^P][^P][LIV][^P][^P][HQ][LIF]	3.93913953465e-06	2	2
AQULA_010675-PA	ELME000009	TRG_PTS1	PTS1	Generic PTS1 ELM for all eukaryotes	(.[SAPTC][KRH][LMFI][*]$)|([KRH][SAPTC][NTS][LMFI][*]$)	1.51919053984e-05	5	1
AQULA_010747-PA	ELME000009	TRG_PTS1	PTS1	Generic PTS1 ELM for all eukaryotes	(.[SAPTC][KRH][LMFI][*]$)|([KRH][SAPTC][NTS][LMFI][*]$)	1.51919053984e-05	5	1
AQULA_010729-PA	ELME000009	TRG_PTS1	PTS1	Generic PTS1 ELM for all eukaryotes	(.[SAPTC][KRH][LMFI][*]$)|([KRH][SAPTC][NTS][LMFI][*]$)	1.51919053984e-05	5	1
AQULA_010779-PA	ELME000009	TRG_PTS1	PTS1	Generic PTS1 ELM for all eukaryotes	(.[SAPTC][KRH][LMFI][*]$)|([KRH][SAPTC][NTS][LMFI][*]$)	1.51919053984e-05	5	1
AQULA_010912-PA	ELME000009	TRG_PTS1	PTS1	Generic PTS1 ELM for all eukaryotes	(.[SAPTC][KRH][LMFI][*]$)|([KRH][SAPTC][NTS][LMFI][*]$)	1.51919053984e-05	5	1
AQULA_010963-PA	ELME000009	TRG_PTS1	PTS1	Generic PTS1 ELM for all eukaryotes	(.[SAPTC][KRH][LMFI][*]$)|([KRH][SAPTC][NTS][LMFI][*]$)	1.51919053984e-05	5	1
AQULA_010961-PA	ELME000069	TRG_PTS2	PTS2	Generic PTS2 pattern for all eukaryotes (except lineages which have lost it)	^.{1,40}R[^P][^P][^P][LIV][^P][^P][HQ][LIF]	3.93913953465e-06	2	2
AQULA_011218-PA	ELME000069	TRG_PTS2	PTS2	Generic PTS2 pattern for all eukaryotes (except lineages which have lost it)	^.{1,40}R[^P][^P][^P][LIV][^P][^P][HQ][LIF]	3.93913953465e-06	2	2
AQULA_011238-PA	ELME000009	TRG_PTS1	PTS1	Generic PTS1 ELM for all eukaryotes	(.[SAPTC][KRH][LMFI][*]$)|([KRH][SAPTC][NTS][LMFI][*]$)	1.51919053984e-05	5	1
AQULA_011291-PA	ELME000377	LIG_Pex14_3	Pex14 ligand motif	Motif in Pex5 interacting with the N-terminal domain (NTD) of Pex14	LV.EF[LM]	5.00205191734e-07	1	1
AQULA_011328-PA	ELME000069	TRG_PTS2	PTS2	Generic PTS2 pattern for all eukaryotes (except lineages which have lost it)	^.{1,40}R[^P][^P][^P][LIV][^P][^P][HQ][LIF]	3.93913953465e-06	2	2
AQULA_011353-PA	ELME000069	TRG_PTS2	PTS2	Generic PTS2 pattern for all eukaryotes (except lineages which have lost it)	^.{1,40}R[^P][^P][^P][LIV][^P][^P][HQ][LIF]	3.93913953465e-06	2	2
AQULA_011543-PA	ELME000009	TRG_PTS1	PTS1	Generic PTS1 ELM for all eukaryotes	(.[SAPTC][KRH][LMFI][*]$)|([KRH][SAPTC][NTS][LMFI][*]$)	1.51919053984e-05	5	1
AQULA_011685-PA	ELME000069	TRG_PTS2	PTS2	Generic PTS2 pattern for all eukaryotes (except lineages which have lost it)	^.{1,40}R[^P][^P][^P][LIV][^P][^P][HQ][LIF]	3.93913953465e-06	2	2
AQULA_011707-PA	ELME000009	TRG_PTS1	PTS1	Generic PTS1 ELM for all eukaryotes	(.[SAPTC][KRH][LMFI][*]$)|([KRH][SAPTC][NTS][LMFI][*]$)	1.51919053984e-05	5	1
AQULA_011714-PA	ELME000069	TRG_PTS2	PTS2	Generic PTS2 pattern for all eukaryotes (except lineages which have lost it)	^.{1,40}R[^P][^P][^P][LIV][^P][^P][HQ][LIF]	3.93913953465e-06	2	2
AQULA_011765-PA	ELME000009	TRG_PTS1	PTS1	Generic PTS1 ELM for all eukaryotes	(.[SAPTC][KRH][LMFI][*]$)|([KRH][SAPTC][NTS][LMFI][*]$)	1.51919053984e-05	5	1
AQULA_011755-PA	ELME000377	LIG_Pex14_3	Pex14 ligand motif	Motif in Pex5 interacting with the N-terminal domain (NTD) of Pex14	LV.EF[LM]	5.00205191734e-07	1	1
AQULA_011761-PA	ELME000009	TRG_PTS1	PTS1	Generic PTS1 ELM for all eukaryotes	(.[SAPTC][KRH][LMFI][*]$)|([KRH][SAPTC][NTS][LMFI][*]$)	1.51919053984e-05	5	1
AQULA_011744-PA	ELME000009	TRG_PTS1	PTS1	Generic PTS1 ELM for all eukaryotes	(.[SAPTC][KRH][LMFI][*]$)|([KRH][SAPTC][NTS][LMFI][*]$)	1.51919053984e-05	5	1
AQULA_011845-PA	ELME000009	TRG_PTS1	PTS1	Generic PTS1 ELM for all eukaryotes	(.[SAPTC][KRH][LMFI][*]$)|([KRH][SAPTC][NTS][LMFI][*]$)	1.51919053984e-05	5	1
AQULA_011893-PA	ELME000069	TRG_PTS2	PTS2	Generic PTS2 pattern for all eukaryotes (except lineages which have lost it)	^.{1,40}R[^P][^P][^P][LIV][^P][^P][HQ][LIF]	3.93913953465e-06	2	2
AQULA_011905-PA	ELME000377	LIG_Pex14_3	Pex14 ligand motif	Motif in Pex5 interacting with the N-terminal domain (NTD) of Pex14	LV.EF[LM]	5.00205191734e-07	1	1
AQULA_011973-PA	ELME000069	TRG_PTS2	PTS2	Generic PTS2 pattern for all eukaryotes (except lineages which have lost it)	^.{1,40}R[^P][^P][^P][LIV][^P][^P][HQ][LIF]	3.93913953465e-06	2	2
AQULA_012000-PA	ELME000069	TRG_PTS2	PTS2	Generic PTS2 pattern for all eukaryotes (except lineages which have lost it)	^.{1,40}R[^P][^P][^P][LIV][^P][^P][HQ][LIF]	3.93913953465e-06	2	2
AQULA_012058-PA	ELME000009	TRG_PTS1	PTS1	Generic PTS1 ELM for all eukaryotes	(.[SAPTC][KRH][LMFI][*]$)|([KRH][SAPTC][NTS][LMFI][*]$)	1.51919053984e-05	5	1
AQULA_012068-PA	ELME000009	TRG_PTS1	PTS1	Generic PTS1 ELM for all eukaryotes	(.[SAPTC][KRH][LMFI][*]$)|([KRH][SAPTC][NTS][LMFI][*]$)	1.51919053984e-05	5	1
AQULA_012113-PA	ELME000009	TRG_PTS1	PTS1	Generic PTS1 ELM for all eukaryotes	(.[SAPTC][KRH][LMFI][*]$)|([KRH][SAPTC][NTS][LMFI][*]$)	1.51919053984e-05	5	1
AQULA_012243-PA	ELME000009	TRG_PTS1	PTS1	Generic PTS1 ELM for all eukaryotes	(.[SAPTC][KRH][LMFI][*]$)|([KRH][SAPTC][NTS][LMFI][*]$)	1.51919053984e-05	5	1
AQULA_012287-PA	ELME000009	TRG_PTS1	PTS1	Generic PTS1 ELM for all eukaryotes	(.[SAPTC][KRH][LMFI][*]$)|([KRH][SAPTC][NTS][LMFI][*]$)	1.51919053984e-05	5	1
AQULA_012303-PA	ELME000009	TRG_PTS1	PTS1	Generic PTS1 ELM for all eukaryotes	(.[SAPTC][KRH][LMFI][*]$)|([KRH][SAPTC][NTS][LMFI][*]$)	1.51919053984e-05	5	1
AQULA_012317-PA	ELME000009	TRG_PTS1	PTS1	Generic PTS1 ELM for all eukaryotes	(.[SAPTC][KRH][LMFI][*]$)|([KRH][SAPTC][NTS][LMFI][*]$)	1.51919053984e-05	5	1
AQULA_012317-PA	ELME000069	TRG_PTS2	PTS2	Generic PTS2 pattern for all eukaryotes (except lineages which have lost it)	^.{1,40}R[^P][^P][^P][LIV][^P][^P][HQ][LIF]	3.93913953465e-06	2	2
AQULA_012368-PA	ELME000009	TRG_PTS1	PTS1	Generic PTS1 ELM for all eukaryotes	(.[SAPTC][KRH][LMFI][*]$)|([KRH][SAPTC][NTS][LMFI][*]$)	1.51919053984e-05	5	1
AQULA_012542-PA	ELME000009	TRG_PTS1	PTS1	Generic PTS1 ELM for all eukaryotes	(.[SAPTC][KRH][LMFI][*]$)|([KRH][SAPTC][NTS][LMFI][*]$)	1.51919053984e-05	5	1
AQULA_012602-PA	ELME000069	TRG_PTS2	PTS2	Generic PTS2 pattern for all eukaryotes (except lineages which have lost it)	^.{1,40}R[^P][^P][^P][LIV][^P][^P][HQ][LIF]	3.93913953465e-06	2	2
AQULA_012687-PA	ELME000069	TRG_PTS2	PTS2	Generic PTS2 pattern for all eukaryotes (except lineages which have lost it)	^.{1,40}R[^P][^P][^P][LIV][^P][^P][HQ][LIF]	3.93913953465e-06	2	2
AQULA_012724-PA	ELME000009	TRG_PTS1	PTS1	Generic PTS1 ELM for all eukaryotes	(.[SAPTC][KRH][LMFI][*]$)|([KRH][SAPTC][NTS][LMFI][*]$)	1.51919053984e-05	5	1
AQULA_012776-PA	ELME000009	TRG_PTS1	PTS1	Generic PTS1 ELM for all eukaryotes	(.[SAPTC][KRH][LMFI][*]$)|([KRH][SAPTC][NTS][LMFI][*]$)	1.51919053984e-05	5	1
AQULA_012848-PA	ELME000069	TRG_PTS2	PTS2	Generic PTS2 pattern for all eukaryotes (except lineages which have lost it)	^.{1,40}R[^P][^P][^P][LIV][^P][^P][HQ][LIF]	3.93913953465e-06	2	2
AQULA_012903-PA	ELME000009	TRG_PTS1	PTS1	Generic PTS1 ELM for all eukaryotes	(.[SAPTC][KRH][LMFI][*]$)|([KRH][SAPTC][NTS][LMFI][*]$)	1.51919053984e-05	5	1
AQULA_012914-PA	ELME000009	TRG_PTS1	PTS1	Generic PTS1 ELM for all eukaryotes	(.[SAPTC][KRH][LMFI][*]$)|([KRH][SAPTC][NTS][LMFI][*]$)	1.51919053984e-05	5	1
AQULA_012908-PA	ELME000009	TRG_PTS1	PTS1	Generic PTS1 ELM for all eukaryotes	(.[SAPTC][KRH][LMFI][*]$)|([KRH][SAPTC][NTS][LMFI][*]$)	1.51919053984e-05	5	1
AQULA_012912-PA	ELME000009	TRG_PTS1	PTS1	Generic PTS1 ELM for all eukaryotes	(.[SAPTC][KRH][LMFI][*]$)|([KRH][SAPTC][NTS][LMFI][*]$)	1.51919053984e-05	5	1
AQULA_012956-PA	ELME000009	TRG_PTS1	PTS1	Generic PTS1 ELM for all eukaryotes	(.[SAPTC][KRH][LMFI][*]$)|([KRH][SAPTC][NTS][LMFI][*]$)	1.51919053984e-05	5	1
AQULA_012959-PA	ELME000009	TRG_PTS1	PTS1	Generic PTS1 ELM for all eukaryotes	(.[SAPTC][KRH][LMFI][*]$)|([KRH][SAPTC][NTS][LMFI][*]$)	1.51919053984e-05	5	1
AQULA_012986-PA	ELME000009	TRG_PTS1	PTS1	Generic PTS1 ELM for all eukaryotes	(.[SAPTC][KRH][LMFI][*]$)|([KRH][SAPTC][NTS][LMFI][*]$)	1.51919053984e-05	5	1
AQULA_013060-PA	ELME000009	TRG_PTS1	PTS1	Generic PTS1 ELM for all eukaryotes	(.[SAPTC][KRH][LMFI][*]$)|([KRH][SAPTC][NTS][LMFI][*]$)	1.51919053984e-05	5	1
AQULA_013052-PA	ELME000009	TRG_PTS1	PTS1	Generic PTS1 ELM for all eukaryotes	(.[SAPTC][KRH][LMFI][*]$)|([KRH][SAPTC][NTS][LMFI][*]$)	1.51919053984e-05	5	1
AQULA_013034-PA	ELME000069	TRG_PTS2	PTS2	Generic PTS2 pattern for all eukaryotes (except lineages which have lost it)	^.{1,40}R[^P][^P][^P][LIV][^P][^P][HQ][LIF]	3.93913953465e-06	2	2
AQULA_013059-PA	ELME000009	TRG_PTS1	PTS1	Generic PTS1 ELM for all eukaryotes	(.[SAPTC][KRH][LMFI][*]$)|([KRH][SAPTC][NTS][LMFI][*]$)	1.51919053984e-05	5	1
AQULA_013032-PA	ELME000009	TRG_PTS1	PTS1	Generic PTS1 ELM for all eukaryotes	(.[SAPTC][KRH][LMFI][*]$)|([KRH][SAPTC][NTS][LMFI][*]$)	1.51919053984e-05	5	1
AQULA_013114-PA	ELME000069	TRG_PTS2	PTS2	Generic PTS2 pattern for all eukaryotes (except lineages which have lost it)	^.{1,40}R[^P][^P][^P][LIV][^P][^P][HQ][LIF]	3.93913953465e-06	2	2
AQULA_013144-PA	ELME000009	TRG_PTS1	PTS1	Generic PTS1 ELM for all eukaryotes	(.[SAPTC][KRH][LMFI][*]$)|([KRH][SAPTC][NTS][LMFI][*]$)	1.51919053984e-05	5	1
AQULA_013176-PA	ELME000009	TRG_PTS1	PTS1	Generic PTS1 ELM for all eukaryotes	(.[SAPTC][KRH][LMFI][*]$)|([KRH][SAPTC][NTS][LMFI][*]$)	1.51919053984e-05	5	1
AQULA_013189-PA	ELME000009	TRG_PTS1	PTS1	Generic PTS1 ELM for all eukaryotes	(.[SAPTC][KRH][LMFI][*]$)|([KRH][SAPTC][NTS][LMFI][*]$)	1.51919053984e-05	5	1
AQULA_013190-PA	ELME000009	TRG_PTS1	PTS1	Generic PTS1 ELM for all eukaryotes	(.[SAPTC][KRH][LMFI][*]$)|([KRH][SAPTC][NTS][LMFI][*]$)	1.51919053984e-05	5	1
AQULA_013303-PA	ELME000009	TRG_PTS1	PTS1	Generic PTS1 ELM for all eukaryotes	(.[SAPTC][KRH][LMFI][*]$)|([KRH][SAPTC][NTS][LMFI][*]$)	1.51919053984e-05	5	1
AQULA_013447-PA	ELME000069	TRG_PTS2	PTS2	Generic PTS2 pattern for all eukaryotes (except lineages which have lost it)	^.{1,40}R[^P][^P][^P][LIV][^P][^P][HQ][LIF]	3.93913953465e-06	2	2
AQULA_013487-PA	ELME000377	LIG_Pex14_3	Pex14 ligand motif	Motif in Pex5 interacting with the N-terminal domain (NTD) of Pex14	LV.EF[LM]	5.00205191734e-07	1	1
AQULA_013591-PA	ELME000069	TRG_PTS2	PTS2	Generic PTS2 pattern for all eukaryotes (except lineages which have lost it)	^.{1,40}R[^P][^P][^P][LIV][^P][^P][HQ][LIF]	3.93913953465e-06	2	2
AQULA_013720-PA	ELME000009	TRG_PTS1	PTS1	Generic PTS1 ELM for all eukaryotes	(.[SAPTC][KRH][LMFI][*]$)|([KRH][SAPTC][NTS][LMFI][*]$)	1.51919053984e-05	5	1
AQULA_013775-PA	ELME000069	TRG_PTS2	PTS2	Generic PTS2 pattern for all eukaryotes (except lineages which have lost it)	^.{1,40}R[^P][^P][^P][LIV][^P][^P][HQ][LIF]	3.93913953465e-06	2	2
AQULA_013798-PA	ELME000009	TRG_PTS1	PTS1	Generic PTS1 ELM for all eukaryotes	(.[SAPTC][KRH][LMFI][*]$)|([KRH][SAPTC][NTS][LMFI][*]$)	1.51919053984e-05	5	1
AQULA_013899-PA	ELME000009	TRG_PTS1	PTS1	Generic PTS1 ELM for all eukaryotes	(.[SAPTC][KRH][LMFI][*]$)|([KRH][SAPTC][NTS][LMFI][*]$)	1.51919053984e-05	5	1
AQULA_013896-PA	ELME000009	TRG_PTS1	PTS1	Generic PTS1 ELM for all eukaryotes	(.[SAPTC][KRH][LMFI][*]$)|([KRH][SAPTC][NTS][LMFI][*]$)	1.51919053984e-05	5	1
AQULA_013988-PA	ELME000069	TRG_PTS2	PTS2	Generic PTS2 pattern for all eukaryotes (except lineages which have lost it)	^.{1,40}R[^P][^P][^P][LIV][^P][^P][HQ][LIF]	3.93913953465e-06	2	2
AQULA_013977-PA	ELME000009	TRG_PTS1	PTS1	Generic PTS1 ELM for all eukaryotes	(.[SAPTC][KRH][LMFI][*]$)|([KRH][SAPTC][NTS][LMFI][*]$)	1.51919053984e-05	5	1
AQULA_014033-PA	ELME000069	TRG_PTS2	PTS2	Generic PTS2 pattern for all eukaryotes (except lineages which have lost it)	^.{1,40}R[^P][^P][^P][LIV][^P][^P][HQ][LIF]	3.93913953465e-06	2	2
AQULA_014057-PA	ELME000009	TRG_PTS1	PTS1	Generic PTS1 ELM for all eukaryotes	(.[SAPTC][KRH][LMFI][*]$)|([KRH][SAPTC][NTS][LMFI][*]$)	1.51919053984e-05	5	1
AQULA_014168-PA	ELME000009	TRG_PTS1	PTS1	Generic PTS1 ELM for all eukaryotes	(.[SAPTC][KRH][LMFI][*]$)|([KRH][SAPTC][NTS][LMFI][*]$)	1.51919053984e-05	5	1
AQULA_014234-PA	ELME000009	TRG_PTS1	PTS1	Generic PTS1 ELM for all eukaryotes	(.[SAPTC][KRH][LMFI][*]$)|([KRH][SAPTC][NTS][LMFI][*]$)	1.51919053984e-05	5	1
AQULA_014244-PA	ELME000069	TRG_PTS2	PTS2	Generic PTS2 pattern for all eukaryotes (except lineages which have lost it)	^.{1,40}R[^P][^P][^P][LIV][^P][^P][HQ][LIF]	3.93913953465e-06	2	2

